ts,kind,o_ap,d_ap,dep_at,ret_at,airline,price
2026-10-01T01:19:37+00:00,ow,ICN,NRT,2026-10-10T20:10:00+09:00,,TW,83614
2026-10-01T01:19:37+00:00,ow,ICN,NRT,2026-11-18T08:10:00+09:00,,RS,110227
2026-10-01T01:19:37+00:00,ow,ICN,NRT,2026-11-02T07:15:00+09:00,,ZE,115928
2026-10-01T01:19:37+00:00,ow,ICN,NRT,2026-10-22T20:10:00+09:00,,TW,119244
2026-10-01T01:19:37+00:00,ow,ICN,NRT,2026-12-20T07:15:00+09:00,,ZE,172388
2026-10-01T01:19:37+00:00,ow,ICN,NRT,2026-10-02T18:15:00+09:00,,TW,223503
2026-10-01T01:19:37+00:00,ow,ICN,NRT,2026-10-01T15:10:00+09:00,,ZE,227529
2026-10-01T01:19:37+00:00,ow,ICN,HND,2027-01-01T22:50:00+09:00,,MM,306393
2026-10-01T01:19:37+00:00,ow,NRT,ICN,2026-11-04T19:05:00+09:00,,BX,150697
2026-10-01T01:19:37+00:00,ow,NRT,ICN,2026-11-25T19:05:00+09:00,,BX,151244
2026-10-01T01:19:37+00:00,ow,NRT,ICN,2026-11-11T11:55:00+09:00,,TW,157957
2026-10-01T01:19:37+00:00,ow,NRT,ICN,2026-11-02T11:10:00+09:00,,BX,168960
2026-10-01T01:19:37+00:00,ow,NRT,ICN,2027-03-16T08:55:00+09:00,,ZG,182350
2026-10-01T01:19:37+00:00,ow,NRT,ICN,2026-10-13T21:45:00+09:00,,TW,188324
2026-10-01T01:19:37+00:00,ow,NRT,ICN,2027-03-30T17:30:00+09:00,,ZE,203460
2026-10-01T01:19:37+00:00,rt,ICN,NRT,2026-10-10T20:10:00+09:00,2026-10-15T19:55:00+09:00,TW,235845
2026-10-01T01:19:37+00:00,rt,ICN,NRT,2026-10-16T15:05:00+09:00,2026-10-19T21:45:00+09:00,ZG,302699
2026-10-01T01:19:37+00:00,rt,ICN,NRT,2026-11-07T17:15:00+09:00,2026-11-08T10:55:00+09:00,ZG,330841
2026-10-01T01:19:37+00:00,rt,ICN,NRT,2027-03-24T07:15:00+09:00,2027-04-07T18:30:00+09:00,7C,375343
2026-10-01T01:19:37+00:00,rt,ICN,NRT,2027-03-10T08:10:00+09:00,2027-03-20T20:00:00+09:00,RS,415659
2026-10-01T01:19:37+00:00,rt,ICN,NRT,2027-03-28T08:00:00+09:00,2027-04-10T10:50:00+09:00,ZE,422577
2026-10-01T01:19:37+00:00,ow,ICN,KIX,2026-11-10T21:00:00+09:00,,MM,87276
2026-10-01T01:19:37+00:00,ow,ICN,KIX,2026-10-30T15:05:00+09:00,,ZE,109526
2026-10-01T01:19:37+00:00,ow,ICN,KIX,2027-03-19T21:45:00+09:00,,TW,116363
2026-10-01T01:19:37+00:00,ow,ICN,KIX,2026-11-05T15:05:00+09:00,,ZE,120122
2026-10-01T01:19:37+00:00,ow,ICN,KIX,2026-10-08T15:20:00+09:00,,RS,144408
2026-10-01T01:19:37+00:00,ow,ICN,KIX,2027-03-29T15:15:00+09:00,,ZE,172242
2026-10-01T01:19:37+00:00,ow,KIX,ICN,2026-10-29T11:45:00+09:00,,MM,156566
2026-10-01T01:19:37+00:00,ow,KIX,ICN,2026-11-24T11:50:00+09:00,,ZE,171134
2026-10-01T01:19:37+00:00,ow,KIX,ICN,2026-10-20T01:30:00+09:00,,TW,175756
2026-10-01T01:19:37+00:00,ow,KIX,ICN,2026-11-23T11:45:00+09:00,,MM,195876
2026-10-01T01:19:37+00:00,ow,KIX,ICN,2026-10-18T01:30:00+09:00,,TW,239547
2026-10-01T01:19:37+00:00,ow,KIX,ICN,2026-11-08T08:50:00+09:00,,7C,254226
2026-10-01T01:19:37+00:00,rt,ICN,KIX,2026-10-07T15:15:00+09:00,2026-10-08T01:30:00+09:00,ZE,223935
2026-10-01T01:19:37+00:00,rt,ICN,KIX,2026-10-29T12:10:00+09:00,2026-11-04T11:15:00+09:00,TW,230658
2026-10-01T01:19:37+00:00,rt,ICN,KIX,2026-10-04T22:30:00+09:00,2026-10-14T01:30:00+09:00,TW,231016
2026-10-01T01:19:37+00:00,rt,ICN,KIX,2026-10-10T14:50:00+09:00,2026-10-13T19:40:00+09:00,BX,274740
2026-10-01T01:19:37+00:00,rt,ICN,KIX,2026-11-20T20:40:00+09:00,2026-11-23T23:25:00+09:00,LJ,340249
2026-10-01T01:19:37+00:00,ow,ICN,FUK,2026-10-03T18:05:00+09:00,,TW,257803
2026-10-01T01:19:37+00:00,rt,ICN,FUK,2026-10-13T17:00:00+09:00,2026-10-16T09:45:00+09:00,LJ,254701
2026-10-01T01:19:37+00:00,ow,ICN,OKA,2026-12-02T11:50:00+09:00,,TW,151576
2026-10-01T01:19:37+00:00,ow,ICN,OKA,2026-11-01T11:50:00+09:00,,TW,187266
2026-10-01T01:19:37+00:00,ow,ICN,OKA,2026-11-28T11:25:00+09:00,,ZE,207945
2026-10-01T01:19:37+00:00,ow,OKA,ICN,2026-12-02T13:35:00+09:00,,LJ,158168
2026-10-01T01:19:37+00:00,ow,OKA,ICN,2026-10-22T14:35:00+09:00,,TW,163874
2026-10-01T01:19:37+00:00,ow,OKA,ICN,2026-11-01T12:40:00+09:00,,LJ,283804
2026-10-01T01:19:37+00:00,ow,ICN,NGO,2026-11-10T07:30:00+09:00,,LJ,116281
2026-10-01T01:19:37+00:00,ow,ICN,NGO,2026-10-22T15:05:00+09:00,,7C,149502
2026-10-01T01:19:37+00:00,ow,ICN,CTS,2026-10-05T12:15:00+09:00,,7C,185552
2026-10-01T01:19:37+00:00,ow,ICN,CTS,2026-10-01T12:15:00+09:00,,7C,233280
2026-10-01T01:19:37+00:00,ow,CTS,ICN,2026-12-22T11:00:00+09:00,,7C,303529
2026-10-01T01:19:37+00:00,rt,ICN,CTS,2027-02-13T09:40:00+09:00,2027-02-20T13:45:00+09:00,YP,659908
2026-10-01T01:19:37+00:00,rt,ICN,CTS,2026-12-27T14:10:00+09:00,2027-01-09T12:15:00+09:00,LJ,666451
2026-10-01T01:19:37+00:00,ow,ICN,HIJ,2026-10-10T15:50:00+09:00,,7C,92484
2026-10-01T01:19:37+00:00,ow,GMP,HND,2026-12-20T08:40:00+09:00,,OZ,364211
2026-10-01T01:19:37+00:00,ow,GMP,HND,2026-11-18T19:40:00+09:00,,JL,370918
2026-10-01T01:19:37+00:00,ow,GMP,HND,2026-10-22T08:00:00+09:00,,JL,372269
2026-10-01T01:19:37+00:00,ow,GMP,HND,2026-10-10T08:00:00+09:00,,JL,373633
2026-10-01T01:19:37+00:00,ow,GMP,HND,2026-11-02T12:05:00+09:00,,JL,375017
2026-10-01T01:19:37+00:00,ow,GMP,HND,2027-01-01T07:45:00+09:00,,NH,408546
2026-10-01T01:19:37+00:00,ow,GMP,HND,2026-10-01T16:20:00+09:00,,KE,472437
2026-10-01T01:19:37+00:00,ow,GMP,HND,2026-10-02T19:50:00+09:00,,OZ,482185
2026-10-01T01:19:37+00:00,ow,HND,GMP,2026-10-13T20:05:00+09:00,,NH,479989
2026-10-01T01:19:37+00:00,ow,HND,GMP,2027-03-30T19:45:00+09:00,,KE,496341
2026-10-01T01:19:37+00:00,ow,HND,GMP,2026-11-04T12:05:00+09:00,,OZ,497017
2026-10-01T01:19:37+00:00,ow,HND,GMP,2026-11-02T20:05:00+09:00,,OZ,497294
2026-10-01T01:19:37+00:00,ow,HND,GMP,2026-11-25T19:50:00+09:00,,KE,499647
2026-10-01T01:19:37+00:00,ow,HND,GMP,2027-03-16T08:40:00+09:00,,OZ,503965
2026-10-01T01:19:37+00:00,ow,HND,GMP,2026-11-11T12:05:00+09:00,,OZ,506328
2026-10-01T01:19:37+00:00,rt,GMP,HND,2026-10-10T07:40:00+09:00,2026-10-15T20:05:00+09:00,NH,521482
2026-10-01T01:19:37+00:00,rt,GMP,HND,2027-03-24T07:45:00+09:00,2027-04-07T16:10:00+09:00,NH,556934
2026-10-01T01:19:37+00:00,rt,GMP,HND,2027-03-28T07:40:00+09:00,2027-04-10T20:05:00+09:00,NH,564429
2026-10-01T01:19:37+00:00,rt,GMP,HND,2027-03-10T07:45:00+09:00,2027-03-20T20:00:00+09:00,NH,578866
2026-10-01T01:19:37+00:00,rt,GMP,HND,2026-10-16T08:40:00+09:00,2026-10-19T20:05:00+09:00,OZ,630463
2026-10-01T01:19:37+00:00,rt,GMP,HND,2026-11-07T12:05:00+09:00,2026-11-08T19:30:00+09:00,JL,689353
2026-10-01T01:19:37+00:00,ow,GMP,KIX,2026-11-10T13:10:00+09:00,,MM,111040
2026-10-01T01:19:37+00:00,ow,GMP,KIX,2026-10-30T13:10:00+09:00,,MM,137994
2026-10-01T01:19:37+00:00,ow,GMP,KIX,2026-11-05T11:20:00+09:00,,MM,150739
2026-10-01T01:19:37+00:00,ow,GMP,KIX,2027-03-19T11:20:00+09:00,,MM,151912
2026-10-01T01:19:37+00:00,ow,GMP,KIX,2026-10-08T13:10:00+09:00,,MM,164022
2026-10-01T01:19:37+00:00,ow,GMP,KIX,2027-03-29T09:15:00+09:00,,KE,290721
2026-10-01T01:19:37+00:00,ow,KIX,GMP,2026-11-24T16:00:00+09:00,,MM,179923
2026-10-01T01:19:37+00:00,ow,KIX,GMP,2026-10-20T14:20:00+09:00,,MM,182804
2026-10-01T01:19:37+00:00,ow,KIX,GMP,2026-10-29T08:30:00+09:00,,MM,195874
2026-10-01T01:19:37+00:00,ow,KIX,GMP,2026-11-23T16:00:00+09:00,,MM,195876
2026-10-01T01:19:37+00:00,ow,KIX,GMP,2026-11-08T10:20:00+09:00,,MM,265750
2026-10-01T01:19:37+00:00,ow,KIX,GMP,2026-10-18T08:35:00+09:00,,MM,338820
2026-10-01T01:19:37+00:00,rt,GMP,KIX,2026-10-07T13:10:00+09:00,2026-10-08T08:35:00+09:00,MM,253787
2026-10-01T01:19:37+00:00,rt,GMP,KIX,2026-10-29T11:20:00+09:00,2026-11-04T14:10:00+09:00,MM,269022
2026-10-01T01:19:37+00:00,rt,GMP,KIX,2026-10-10T13:10:00+09:00,2026-10-13T16:05:00+09:00,MM,302078
2026-10-01T01:19:37+00:00,rt,GMP,KIX,2026-11-20T13:10:00+09:00,2026-11-23T16:00:00+09:00,MM,362109
2026-10-01T01:19:37+00:00,rt,GMP,KIX,2026-10-04T13:10:00+09:00,2026-10-14T16:05:00+09:00,MM,391765
2026-10-01T01:19:37+00:00,ow,GMP,NGO,2026-10-22T11:20:00+09:00,,MM,144538
2026-10-01T01:19:37+00:00,ow,GMP,NGO,2026-11-10T11:10:00+09:00,,MM,155313
